{
  "product_name": {
    "precision": 1.0,
    "recall": 0.9782608695652174,
    "f1-score": 0.989010989010989,
    "support": 92,
    "confused_with": {
      "product_quantity": 2
    }
  },
  "order_number.order_number_pattern": {
    "precision": 1.0,
    "recall": 0.8,
    "f1-score": 0.888888888888889,
    "support": 5,
    "confused_with": {
      "order_number": 1
    }
  },
  "user_email": {
    "precision": 1.0,
    "recall": 1.0,
    "f1-score": 1.0,
    "support": 8,
    "confused_with": {}
  },
  "problem_type": {
    "precision": 0.9625,
    "recall": 1.0,
    "f1-score": 0.980891719745223,
    "support": 154,
    "confused_with": {}
  },
  "product_quantity": {
    "precision": 0.8181818181818182,
    "recall": 1.0,
    "f1-score": 0.9,
    "support": 9,
    "confused_with": {}
  },
  "order_number": {
    "precision": 0.9333333333333333,
    "recall": 1.0,
    "f1-score": 0.9655172413793104,
    "support": 14,
    "confused_with": {}
  },
  "micro avg": {
    "precision": 0.96875,
    "recall": 0.9893617021276596,
    "f1-score": 0.9789473684210526,
    "support": 282
  },
  "macro avg": {
    "precision": 0.9523358585858586,
    "recall": 0.9630434782608696,
    "f1-score": 0.9540514731707352,
    "support": 282
  },
  "weighted avg": {
    "precision": 0.9704088759939823,
    "recall": 0.9893617021276596,
    "f1-score": 0.9791064597642913,
    "support": 282
  },
  "accuracy": 0.9902491874322861
}